USA-< 7 years-<1 month-software,32
USA-<10 years-<1 month-software,92
USA-<15 years-<1 month-software,78
USA->15 years-<1 month-software,12
USA-undefined-<1 month-software,0
EU-< 7 years-<1 month-software,21
EU-<10 years-<1 month-software,58
EU-<15 years-<1 month-software,30
EU->15 years-<1 month-software,9
EU-undefined-<1 month-software,0
ASIA-< 7 years-<1 month-software,2
ASIA-<10 years-<1 month-software,14
ASIA-<15 years-<1 month-software,14
ASIA->15 years-<1 month-software,0
ASIA-undefined-<1 month-software,0
CAN-< 7 years-<1 month-software,4
CAN-<10 years-<1 month-software,11
CAN-<15 years-<1 month-software,3
CAN->15 years-<1 month-software,0
CAN-undefined-<1 month-software,0
OC-< 7 years-<1 month-software,1
OC-<10 years-<1 month-software,4
OC-<15 years-<1 month-software,1
OC->15 years-<1 month-software,1
OC-undefined-<1 month-software,0
SA-< 7 years-<1 month-software,3
SA-<10 years-<1 month-software,3
SA-<15 years-<1 month-software,2
SA->15 years-<1 month-software,0
SA-undefined-<1 month-software,0
AF-< 7 years-<1 month-software,0
AF-<10 years-<1 month-software,3
AF-<15 years-<1 month-software,0
AF->15 years-<1 month-software,0
AF-undefined-<1 month-software,0
USA-< 7 years-<1 year-software,95
USA-<10 years-<1 year-software,225
USA-<15 years-<1 year-software,108
USA->15 years-<1 year-software,10
USA-undefined-<1 year-software,0
EU-< 7 years-<1 year-software,33
EU-<10 years-<1 year-software,37
EU-<15 years-<1 year-software,40
EU->15 years-<1 year-software,4
EU-undefined-<1 year-software,0
ASIA-< 7 years-<1 year-software,8
ASIA-<10 years-<1 year-software,10
ASIA-<15 years-<1 year-software,14
ASIA->15 years-<1 year-software,0
ASIA-undefined-<1 year-software,0
CAN-< 7 years-<1 year-software,2
CAN-<10 years-<1 year-software,15
CAN-<15 years-<1 year-software,7
CAN->15 years-<1 year-software,0
CAN-undefined-<1 year-software,0
OC-< 7 years-<1 year-software,2
OC-<10 years-<1 year-software,3
OC-<15 years-<1 year-software,2
OC->15 years-<1 year-software,0
OC-undefined-<1 year-software,0
SA-< 7 years-<1 year-software,3
SA-<10 years-<1 year-software,8
SA-<15 years-<1 year-software,0
SA->15 years-<1 year-software,0
SA-undefined-<1 year-software,0
AF-< 7 years-<1 year-software,0
AF-<10 years-<1 year-software,1
AF-<15 years-<1 year-software,0
AF->15 years-<1 year-software,0
AF-undefined-<1 year-software,0
USA-< 7 years-<3 year-software,9
USA-<10 years-<3 year-software,365
USA-<15 years-<3 year-software,267
USA->15 years-<3 year-software,92
USA-undefined-<3 year-software,0
EU-< 7 years-<3 year-software,6
EU-<10 years-<3 year-software,81
EU-<15 years-<3 year-software,72
EU->15 years-<3 year-software,22
EU-undefined-<3 year-software,0
ASIA-< 7 years-<3 year-software,0
ASIA-<10 years-<3 year-software,27
ASIA-<15 years-<3 year-software,19
ASIA->15 years-<3 year-software,7
ASIA-undefined-<3 year-software,0
CAN-< 7 years-<3 year-software,1
CAN-<10 years-<3 year-software,20
CAN-<15 years-<3 year-software,12
CAN->15 years-<3 year-software,7
CAN-undefined-<3 year-software,0
OC-< 7 years-<3 year-software,0
OC-<10 years-<3 year-software,5
OC-<15 years-<3 year-software,2
OC->15 years-<3 year-software,0
OC-undefined-<3 year-software,0
SA-< 7 years-<3 year-software,0
SA-<10 years-<3 year-software,7
SA-<15 years-<3 year-software,0
SA->15 years-<3 year-software,0
SA-undefined-<3 year-software,0
AF-< 7 years-<3 year-software,0
AF-<10 years-<3 year-software,2
AF-<15 years-<3 year-software,0
AF->15 years-<3 year-software,0
AF-undefined-<3 year-software,0
USA-< 7 years->3 year-software,0
USA-<10 years->3 year-software,28
USA-<15 years->3 year-software,328
USA->15 years->3 year-software,844
USA-undefined->3 year-software,0
EU-< 7 years->3 year-software,0
EU-<10 years->3 year-software,10
EU-<15 years->3 year-software,50
EU->15 years->3 year-software,246
EU-undefined->3 year-software,0
ASIA-< 7 years->3 year-software,0
ASIA-<10 years->3 year-software,7
ASIA-<15 years->3 year-software,18
ASIA->15 years->3 year-software,50
ASIA-undefined->3 year-software,0
CAN-< 7 years->3 year-software,0
CAN-<10 years->3 year-software,1
CAN-<15 years->3 year-software,20
CAN->15 years->3 year-software,63
CAN-undefined->3 year-software,0
OC-< 7 years->3 year-software,0
OC-<10 years->3 year-software,1
OC-<15 years->3 year-software,2
OC->15 years->3 year-software,10
OC-undefined->3 year-software,0
SA-< 7 years->3 year-software,0
SA-<10 years->3 year-software,1
SA-<15 years->3 year-software,4
SA->15 years->3 year-software,4
SA-undefined->3 year-software,0
AF-< 7 years->3 year-software,0
AF-<10 years->3 year-software,1
AF-<15 years->3 year-software,1
AF->15 years->3 year-software,2
AF-undefined->3 year-software,0
USA-< 7 years-no_fund-software,257
USA-<10 years-no_fund-software,900
USA-<15 years-no_fund-software,953
USA->15 years-no_fund-software,2973
USA-undefined-no_fund-software,0
EU-< 7 years-no_fund-software,179
EU-<10 years-no_fund-software,607
EU-<15 years-no_fund-software,619
EU->15 years-no_fund-software,1244
EU-undefined-no_fund-software,0
ASIA-< 7 years-no_fund-software,114
ASIA-<10 years-no_fund-software,378
ASIA-<15 years-no_fund-software,406
ASIA->15 years-no_fund-software,483
ASIA-undefined-no_fund-software,0
CAN-< 7 years-no_fund-software,30
CAN-<10 years-no_fund-software,111
CAN-<15 years-no_fund-software,112
CAN->15 years-no_fund-software,272
CAN-undefined-no_fund-software,0
OC-< 7 years-no_fund-software,14
OC-<10 years-no_fund-software,41
OC-<15 years-no_fund-software,64
OC->15 years-no_fund-software,100
OC-undefined-no_fund-software,0
SA-< 7 years-no_fund-software,11
SA-<10 years-no_fund-software,60
SA-<15 years-no_fund-software,43
SA->15 years-no_fund-software,45
SA-undefined-no_fund-software,0
AF-< 7 years-no_fund-software,7
AF-<10 years-no_fund-software,39
AF-<15 years-no_fund-software,25
AF->15 years-no_fund-software,18
AF-undefined-no_fund-software,0
USA-< 7 years-<1 month-web,30
USA-<10 years-<1 month-web,114
USA-<15 years-<1 month-web,159
USA->15 years-<1 month-web,21
USA-undefined-<1 month-web,0
EU-< 7 years-<1 month-web,34
EU-<10 years-<1 month-web,58
EU-<15 years-<1 month-web,47
EU->15 years-<1 month-web,3
EU-undefined-<1 month-web,0
ASIA-< 7 years-<1 month-web,7
ASIA-<10 years-<1 month-web,19
ASIA-<15 years-<1 month-web,22
ASIA->15 years-<1 month-web,1
ASIA-undefined-<1 month-web,0
CAN-< 7 years-<1 month-web,2
CAN-<10 years-<1 month-web,9
CAN-<15 years-<1 month-web,4
CAN->15 years-<1 month-web,0
CAN-undefined-<1 month-web,0
OC-< 7 years-<1 month-web,3
OC-<10 years-<1 month-web,3
OC-<15 years-<1 month-web,2
OC->15 years-<1 month-web,0
OC-undefined-<1 month-web,0
SA-< 7 years-<1 month-web,2
SA-<10 years-<1 month-web,6
SA-<15 years-<1 month-web,4
SA->15 years-<1 month-web,0
SA-undefined-<1 month-web,0
AF-< 7 years-<1 month-web,2
AF-<10 years-<1 month-web,1
AF-<15 years-<1 month-web,0
AF->15 years-<1 month-web,0
AF-undefined-<1 month-web,0
USA-< 7 years-<1 year-web,58
USA-<10 years-<1 year-web,204
USA-<15 years-<1 year-web,191
USA->15 years-<1 year-web,13
USA-undefined-<1 year-web,0
EU-< 7 years-<1 year-web,25
EU-<10 years-<1 year-web,60
EU-<15 years-<1 year-web,35
EU->15 years-<1 year-web,1
EU-undefined-<1 year-web,0
ASIA-< 7 years-<1 year-web,13
ASIA-<10 years-<1 year-web,22
ASIA-<15 years-<1 year-web,15
ASIA->15 years-<1 year-web,1
ASIA-undefined-<1 year-web,0
CAN-< 7 years-<1 year-web,2
CAN-<10 years-<1 year-web,13
CAN-<15 years-<1 year-web,4
CAN->15 years-<1 year-web,0
CAN-undefined-<1 year-web,0
OC-< 7 years-<1 year-web,1
OC-<10 years-<1 year-web,3
OC-<15 years-<1 year-web,0
OC->15 years-<1 year-web,0
OC-undefined-<1 year-web,0
SA-< 7 years-<1 year-web,4
SA-<10 years-<1 year-web,7
SA-<15 years-<1 year-web,0
SA->15 years-<1 year-web,1
SA-undefined-<1 year-web,0
AF-< 7 years-<1 year-web,0
AF-<10 years-<1 year-web,0
AF-<15 years-<1 year-web,0
AF->15 years-<1 year-web,0
AF-undefined-<1 year-web,0
USA-< 7 years-<3 year-web,7
USA-<10 years-<3 year-web,223
USA-<15 years-<3 year-web,217
USA->15 years-<3 year-web,51
USA-undefined-<3 year-web,0
EU-< 7 years-<3 year-web,1
EU-<10 years-<3 year-web,56
EU-<15 years-<3 year-web,43
EU->15 years-<3 year-web,2
EU-undefined-<3 year-web,0
ASIA-< 7 years-<3 year-web,0
ASIA-<10 years-<3 year-web,17
ASIA-<15 years-<3 year-web,21
ASIA->15 years-<3 year-web,1
ASIA-undefined-<3 year-web,0
CAN-< 7 years-<3 year-web,0
CAN-<10 years-<3 year-web,12
CAN-<15 years-<3 year-web,7
CAN->15 years-<3 year-web,1
CAN-undefined-<3 year-web,0
OC-< 7 years-<3 year-web,1
OC-<10 years-<3 year-web,3
OC-<15 years-<3 year-web,1
OC->15 years-<3 year-web,0
OC-undefined-<3 year-web,0
SA-< 7 years-<3 year-web,0
SA-<10 years-<3 year-web,5
SA-<15 years-<3 year-web,1
SA->15 years-<3 year-web,0
SA-undefined-<3 year-web,0
AF-< 7 years-<3 year-web,0
AF-<10 years-<3 year-web,1
AF-<15 years-<3 year-web,0
AF->15 years-<3 year-web,0
AF-undefined-<3 year-web,0
USA-< 7 years->3 year-web,0
USA-<10 years->3 year-web,17
USA-<15 years->3 year-web,90
USA->15 years->3 year-web,121
USA-undefined->3 year-web,0
EU-< 7 years->3 year-web,0
EU-<10 years->3 year-web,4
EU-<15 years->3 year-web,33
EU->15 years->3 year-web,28
EU-undefined->3 year-web,0
ASIA-< 7 years->3 year-web,0
ASIA-<10 years->3 year-web,4
ASIA-<15 years->3 year-web,10
ASIA->15 years->3 year-web,14
ASIA-undefined->3 year-web,0
CAN-< 7 years->3 year-web,0
CAN-<10 years->3 year-web,0
CAN-<15 years->3 year-web,4
CAN->15 years->3 year-web,6
CAN-undefined->3 year-web,0
OC-< 7 years->3 year-web,0
OC-<10 years->3 year-web,0
OC-<15 years->3 year-web,3
OC->15 years->3 year-web,2
OC-undefined->3 year-web,0
SA-< 7 years->3 year-web,0
SA-<10 years->3 year-web,0
SA-<15 years->3 year-web,1
SA->15 years->3 year-web,1
SA-undefined->3 year-web,0
AF-< 7 years->3 year-web,0
AF-<10 years->3 year-web,0
AF-<15 years->3 year-web,0
AF->15 years->3 year-web,1
AF-undefined->3 year-web,0
USA-< 7 years-no_fund-web,247
USA-<10 years-no_fund-web,1220
USA-<15 years-no_fund-web,1210
USA->15 years-no_fund-web,1467
USA-undefined-no_fund-web,0
EU-< 7 years-no_fund-web,142
EU-<10 years-no_fund-web,493
EU-<15 years-no_fund-web,539
EU->15 years-no_fund-web,512
EU-undefined-no_fund-web,0
ASIA-< 7 years-no_fund-web,86
ASIA-<10 years-no_fund-web,264
ASIA-<15 years-no_fund-web,197
ASIA->15 years-no_fund-web,195
ASIA-undefined-no_fund-web,0
CAN-< 7 years-no_fund-web,27
CAN-<10 years-no_fund-web,111
CAN-<15 years-no_fund-web,110
CAN->15 years-no_fund-web,99
CAN-undefined-no_fund-web,0
OC-< 7 years-no_fund-web,12
OC-<10 years-no_fund-web,65
OC-<15 years-no_fund-web,62
OC->15 years-no_fund-web,54
OC-undefined-no_fund-web,0
SA-< 7 years-no_fund-web,15
SA-<10 years-no_fund-web,54
SA-<15 years-no_fund-web,15
SA->15 years-no_fund-web,19
SA-undefined-no_fund-web,0
AF-< 7 years-no_fund-web,4
AF-<10 years-no_fund-web,20
AF-<15 years-no_fund-web,20
AF->15 years-no_fund-web,10
AF-undefined-no_fund-web,0
USA-< 7 years-<1 month-ecommerce,24
USA-<10 years-<1 month-ecommerce,65
USA-<15 years-<1 month-ecommerce,25
USA->15 years-<1 month-ecommerce,9
USA-undefined-<1 month-ecommerce,0
EU-< 7 years-<1 month-ecommerce,20
EU-<10 years-<1 month-ecommerce,40
EU-<15 years-<1 month-ecommerce,23
EU->15 years-<1 month-ecommerce,1
EU-undefined-<1 month-ecommerce,0
ASIA-< 7 years-<1 month-ecommerce,5
ASIA-<10 years-<1 month-ecommerce,18
ASIA-<15 years-<1 month-ecommerce,6
ASIA->15 years-<1 month-ecommerce,0
ASIA-undefined-<1 month-ecommerce,0
CAN-< 7 years-<1 month-ecommerce,2
CAN-<10 years-<1 month-ecommerce,3
CAN-<15 years-<1 month-ecommerce,5
CAN->15 years-<1 month-ecommerce,0
CAN-undefined-<1 month-ecommerce,0
OC-< 7 years-<1 month-ecommerce,1
OC-<10 years-<1 month-ecommerce,2
OC-<15 years-<1 month-ecommerce,2
OC->15 years-<1 month-ecommerce,0
OC-undefined-<1 month-ecommerce,0
SA-< 7 years-<1 month-ecommerce,4
SA-<10 years-<1 month-ecommerce,10
SA-<15 years-<1 month-ecommerce,1
SA->15 years-<1 month-ecommerce,0
SA-undefined-<1 month-ecommerce,0
AF-< 7 years-<1 month-ecommerce,2
AF-<10 years-<1 month-ecommerce,1
AF-<15 years-<1 month-ecommerce,0
AF->15 years-<1 month-ecommerce,0
AF-undefined-<1 month-ecommerce,0
USA-< 7 years-<1 year-ecommerce,41
USA-<10 years-<1 year-ecommerce,102
USA-<15 years-<1 year-ecommerce,43
USA->15 years-<1 year-ecommerce,3
USA-undefined-<1 year-ecommerce,0
EU-< 7 years-<1 year-ecommerce,29
EU-<10 years-<1 year-ecommerce,38
EU-<15 years-<1 year-ecommerce,10
EU->15 years-<1 year-ecommerce,0
EU-undefined-<1 year-ecommerce,0
ASIA-< 7 years-<1 year-ecommerce,14
ASIA-<10 years-<1 year-ecommerce,39
ASIA-<15 years-<1 year-ecommerce,2
ASIA->15 years-<1 year-ecommerce,0
ASIA-undefined-<1 year-ecommerce,0
CAN-< 7 years-<1 year-ecommerce,2
CAN-<10 years-<1 year-ecommerce,6
CAN-<15 years-<1 year-ecommerce,1
CAN->15 years-<1 year-ecommerce,0
CAN-undefined-<1 year-ecommerce,0
OC-< 7 years-<1 year-ecommerce,2
OC-<10 years-<1 year-ecommerce,3
OC-<15 years-<1 year-ecommerce,0
OC->15 years-<1 year-ecommerce,0
OC-undefined-<1 year-ecommerce,0
SA-< 7 years-<1 year-ecommerce,11
SA-<10 years-<1 year-ecommerce,13
SA-<15 years-<1 year-ecommerce,0
SA->15 years-<1 year-ecommerce,0
SA-undefined-<1 year-ecommerce,0
AF-< 7 years-<1 year-ecommerce,2
AF-<10 years-<1 year-ecommerce,2
AF-<15 years-<1 year-ecommerce,0
AF->15 years-<1 year-ecommerce,0
AF-undefined-<1 year-ecommerce,0
USA-< 7 years-<3 year-ecommerce,4
USA-<10 years-<3 year-ecommerce,120
USA-<15 years-<3 year-ecommerce,54
USA->15 years-<3 year-ecommerce,12
USA-undefined-<3 year-ecommerce,0
EU-< 7 years-<3 year-ecommerce,3
EU-<10 years-<3 year-ecommerce,66
EU-<15 years-<3 year-ecommerce,27
EU->15 years-<3 year-ecommerce,5
EU-undefined-<3 year-ecommerce,0
ASIA-< 7 years-<3 year-ecommerce,1
ASIA-<10 years-<3 year-ecommerce,44
ASIA-<15 years-<3 year-ecommerce,14
ASIA->15 years-<3 year-ecommerce,2
ASIA-undefined-<3 year-ecommerce,0
CAN-< 7 years-<3 year-ecommerce,0
CAN-<10 years-<3 year-ecommerce,4
CAN-<15 years-<3 year-ecommerce,2
CAN->15 years-<3 year-ecommerce,0
CAN-undefined-<3 year-ecommerce,0
OC-< 7 years-<3 year-ecommerce,0
OC-<10 years-<3 year-ecommerce,4
OC-<15 years-<3 year-ecommerce,2
OC->15 years-<3 year-ecommerce,0
OC-undefined-<3 year-ecommerce,0
SA-< 7 years-<3 year-ecommerce,0
SA-<10 years-<3 year-ecommerce,7
SA-<15 years-<3 year-ecommerce,1
SA->15 years-<3 year-ecommerce,1
SA-undefined-<3 year-ecommerce,0
AF-< 7 years-<3 year-ecommerce,1
AF-<10 years-<3 year-ecommerce,4
AF-<15 years-<3 year-ecommerce,0
AF->15 years-<3 year-ecommerce,0
AF-undefined-<3 year-ecommerce,0
USA-< 7 years->3 year-ecommerce,0
USA-<10 years->3 year-ecommerce,14
USA-<15 years->3 year-ecommerce,51
USA->15 years->3 year-ecommerce,118
USA-undefined->3 year-ecommerce,0
EU-< 7 years->3 year-ecommerce,0
EU-<10 years->3 year-ecommerce,6
EU-<15 years->3 year-ecommerce,29
EU->15 years->3 year-ecommerce,30
EU-undefined->3 year-ecommerce,0
ASIA-< 7 years->3 year-ecommerce,0
ASIA-<10 years->3 year-ecommerce,3
ASIA-<15 years->3 year-ecommerce,11
ASIA->15 years->3 year-ecommerce,11
ASIA-undefined->3 year-ecommerce,0
CAN-< 7 years->3 year-ecommerce,0
CAN-<10 years->3 year-ecommerce,1
CAN-<15 years->3 year-ecommerce,2
CAN->15 years->3 year-ecommerce,5
CAN-undefined->3 year-ecommerce,0
OC-< 7 years->3 year-ecommerce,0
OC-<10 years->3 year-ecommerce,1
OC-<15 years->3 year-ecommerce,1
OC->15 years->3 year-ecommerce,1
OC-undefined->3 year-ecommerce,0
SA-< 7 years->3 year-ecommerce,0
SA-<10 years->3 year-ecommerce,1
SA-<15 years->3 year-ecommerce,4
SA->15 years->3 year-ecommerce,1
SA-undefined->3 year-ecommerce,0
AF-< 7 years->3 year-ecommerce,0
AF-<10 years->3 year-ecommerce,1
AF-<15 years->3 year-ecommerce,0
AF->15 years->3 year-ecommerce,1
AF-undefined->3 year-ecommerce,0
USA-< 7 years-no_fund-ecommerce,205
USA-<10 years-no_fund-ecommerce,627
USA-<15 years-no_fund-ecommerce,429
USA->15 years-no_fund-ecommerce,847
USA-undefined-no_fund-ecommerce,0
EU-< 7 years-no_fund-ecommerce,150
EU-<10 years-no_fund-ecommerce,387
EU-<15 years-no_fund-ecommerce,310
EU->15 years-no_fund-ecommerce,390
EU-undefined-no_fund-ecommerce,0
ASIA-< 7 years-no_fund-ecommerce,136
ASIA-<10 years-no_fund-ecommerce,292
ASIA-<15 years-no_fund-ecommerce,142
ASIA->15 years-no_fund-ecommerce,208
ASIA-undefined-no_fund-ecommerce,0
CAN-< 7 years-no_fund-ecommerce,19
CAN-<10 years-no_fund-ecommerce,40
CAN-<15 years-no_fund-ecommerce,38
CAN->15 years-no_fund-ecommerce,59
CAN-undefined-no_fund-ecommerce,0
OC-< 7 years-no_fund-ecommerce,16
OC-<10 years-no_fund-ecommerce,33
OC-<15 years-no_fund-ecommerce,27
OC->15 years-no_fund-ecommerce,40
OC-undefined-no_fund-ecommerce,0
SA-< 7 years-no_fund-ecommerce,14
SA-<10 years-no_fund-ecommerce,37
SA-<15 years-no_fund-ecommerce,19
SA->15 years-no_fund-ecommerce,11
SA-undefined-no_fund-ecommerce,0
AF-< 7 years-no_fund-ecommerce,5
AF-<10 years-no_fund-ecommerce,21
AF-<15 years-no_fund-ecommerce,8
AF->15 years-no_fund-ecommerce,10
AF-undefined-no_fund-ecommerce,0
USA-< 7 years-<1 month-games_video,11
USA-<10 years-<1 month-games_video,44
USA-<15 years-<1 month-games_video,51
USA->15 years-<1 month-games_video,3
USA-undefined-<1 month-games_video,0
EU-< 7 years-<1 month-games_video,10
EU-<10 years-<1 month-games_video,25
EU-<15 years-<1 month-games_video,17
EU->15 years-<1 month-games_video,1
EU-undefined-<1 month-games_video,0
ASIA-< 7 years-<1 month-games_video,3
ASIA-<10 years-<1 month-games_video,17
ASIA-<15 years-<1 month-games_video,10
ASIA->15 years-<1 month-games_video,0
ASIA-undefined-<1 month-games_video,0
CAN-< 7 years-<1 month-games_video,0
CAN-<10 years-<1 month-games_video,5
CAN-<15 years-<1 month-games_video,6
CAN->15 years-<1 month-games_video,0
CAN-undefined-<1 month-games_video,0
OC-< 7 years-<1 month-games_video,0
OC-<10 years-<1 month-games_video,2
OC-<15 years-<1 month-games_video,2
OC->15 years-<1 month-games_video,0
OC-undefined-<1 month-games_video,0
SA-< 7 years-<1 month-games_video,2
SA-<10 years-<1 month-games_video,1
SA-<15 years-<1 month-games_video,2
SA->15 years-<1 month-games_video,0
SA-undefined-<1 month-games_video,0
AF-< 7 years-<1 month-games_video,0
AF-<10 years-<1 month-games_video,1
AF-<15 years-<1 month-games_video,0
AF->15 years-<1 month-games_video,0
AF-undefined-<1 month-games_video,0
USA-< 7 years-<1 year-games_video,17
USA-<10 years-<1 year-games_video,77
USA-<15 years-<1 year-games_video,72
USA->15 years-<1 year-games_video,3
USA-undefined-<1 year-games_video,0
EU-< 7 years-<1 year-games_video,3
EU-<10 years-<1 year-games_video,22
EU-<15 years-<1 year-games_video,19
EU->15 years-<1 year-games_video,0
EU-undefined-<1 year-games_video,0
ASIA-< 7 years-<1 year-games_video,1
ASIA-<10 years-<1 year-games_video,10
ASIA-<15 years-<1 year-games_video,9
ASIA->15 years-<1 year-games_video,0
ASIA-undefined-<1 year-games_video,0
CAN-< 7 years-<1 year-games_video,3
CAN-<10 years-<1 year-games_video,7
CAN-<15 years-<1 year-games_video,2
CAN->15 years-<1 year-games_video,0
CAN-undefined-<1 year-games_video,0
OC-< 7 years-<1 year-games_video,1
OC-<10 years-<1 year-games_video,2
OC-<15 years-<1 year-games_video,0
OC->15 years-<1 year-games_video,0
OC-undefined-<1 year-games_video,0
SA-< 7 years-<1 year-games_video,0
SA-<10 years-<1 year-games_video,1
SA-<15 years-<1 year-games_video,0
SA->15 years-<1 year-games_video,1
SA-undefined-<1 year-games_video,0
AF-< 7 years-<1 year-games_video,0
AF-<10 years-<1 year-games_video,0
AF-<15 years-<1 year-games_video,0
AF->15 years-<1 year-games_video,0
AF-undefined-<1 year-games_video,0
USA-< 7 years-<3 year-games_video,3
USA-<10 years-<3 year-games_video,96
USA-<15 years-<3 year-games_video,100
USA->15 years-<3 year-games_video,16
USA-undefined-<3 year-games_video,0
EU-< 7 years-<3 year-games_video,0
EU-<10 years-<3 year-games_video,37
EU-<15 years-<3 year-games_video,36
EU->15 years-<3 year-games_video,3
EU-undefined-<3 year-games_video,0
ASIA-< 7 years-<3 year-games_video,0
ASIA-<10 years-<3 year-games_video,11
ASIA-<15 years-<3 year-games_video,17
ASIA->15 years-<3 year-games_video,2
ASIA-undefined-<3 year-games_video,0
CAN-< 7 years-<3 year-games_video,0
CAN-<10 years-<3 year-games_video,4
CAN-<15 years-<3 year-games_video,3
CAN->15 years-<3 year-games_video,0
CAN-undefined-<3 year-games_video,0
OC-< 7 years-<3 year-games_video,0
OC-<10 years-<3 year-games_video,1
OC-<15 years-<3 year-games_video,1
OC->15 years-<3 year-games_video,0
OC-undefined-<3 year-games_video,0
SA-< 7 years-<3 year-games_video,0
SA-<10 years-<3 year-games_video,1
SA-<15 years-<3 year-games_video,2
SA->15 years-<3 year-games_video,0
SA-undefined-<3 year-games_video,0
AF-< 7 years-<3 year-games_video,0
AF-<10 years-<3 year-games_video,1
AF-<15 years-<3 year-games_video,2
AF->15 years-<3 year-games_video,0
AF-undefined-<3 year-games_video,0
USA-< 7 years->3 year-games_video,0
USA-<10 years->3 year-games_video,2
USA-<15 years->3 year-games_video,44
USA->15 years->3 year-games_video,74
USA-undefined->3 year-games_video,0
EU-< 7 years->3 year-games_video,0
EU-<10 years->3 year-games_video,7
EU-<15 years->3 year-games_video,24
EU->15 years->3 year-games_video,37
EU-undefined->3 year-games_video,0
ASIA-< 7 years->3 year-games_video,0
ASIA-<10 years->3 year-games_video,1
ASIA-<15 years->3 year-games_video,8
ASIA->15 years->3 year-games_video,7
ASIA-undefined->3 year-games_video,0
CAN-< 7 years->3 year-games_video,0
CAN-<10 years->3 year-games_video,0
CAN-<15 years->3 year-games_video,2
CAN->15 years->3 year-games_video,4
CAN-undefined->3 year-games_video,0
OC-< 7 years->3 year-games_video,0
OC-<10 years->3 year-games_video,1
OC-<15 years->3 year-games_video,2
OC->15 years->3 year-games_video,1
OC-undefined->3 year-games_video,0
SA-< 7 years->3 year-games_video,0
SA-<10 years->3 year-games_video,0
SA-<15 years->3 year-games_video,3
SA->15 years->3 year-games_video,1
SA-undefined->3 year-games_video,0
AF-< 7 years->3 year-games_video,0
AF-<10 years->3 year-games_video,0
AF-<15 years->3 year-games_video,1
AF->15 years->3 year-games_video,1
AF-undefined->3 year-games_video,0
USA-< 7 years-no_fund-games_video,80
USA-<10 years-no_fund-games_video,341
USA-<15 years-no_fund-games_video,383
USA->15 years-no_fund-games_video,579
USA-undefined-no_fund-games_video,0
EU-< 7 years-no_fund-games_video,52
EU-<10 years-no_fund-games_video,194
EU-<15 years-no_fund-games_video,231
EU->15 years-no_fund-games_video,227
EU-undefined-no_fund-games_video,0
ASIA-< 7 years-no_fund-games_video,21
ASIA-<10 years-no_fund-games_video,67
ASIA-<15 years-no_fund-games_video,73
ASIA->15 years-no_fund-games_video,80
ASIA-undefined-no_fund-games_video,0
CAN-< 7 years-no_fund-games_video,13
CAN-<10 years-no_fund-games_video,30
CAN-<15 years-no_fund-games_video,35
CAN->15 years-no_fund-games_video,43
CAN-undefined-no_fund-games_video,0
OC-< 7 years-no_fund-games_video,3
OC-<10 years-no_fund-games_video,19
OC-<15 years-no_fund-games_video,11
OC->15 years-no_fund-games_video,13
OC-undefined-no_fund-games_video,0
SA-< 7 years-no_fund-games_video,4
SA-<10 years-no_fund-games_video,19
SA-<15 years-no_fund-games_video,13
SA->15 years-no_fund-games_video,12
SA-undefined-no_fund-games_video,0
AF-< 7 years-no_fund-games_video,1
AF-<10 years-no_fund-games_video,5
AF-<15 years-no_fund-games_video,2
AF->15 years-no_fund-games_video,2
AF-undefined-no_fund-games_video,0
USA-< 7 years-<1 month-mobile,38
USA-<10 years-<1 month-mobile,86
USA-<15 years-<1 month-mobile,40
USA->15 years-<1 month-mobile,6
USA-undefined-<1 month-mobile,0
EU-< 7 years-<1 month-mobile,26
EU-<10 years-<1 month-mobile,38
EU-<15 years-<1 month-mobile,19
EU->15 years-<1 month-mobile,4
EU-undefined-<1 month-mobile,0
ASIA-< 7 years-<1 month-mobile,10
ASIA-<10 years-<1 month-mobile,17
ASIA-<15 years-<1 month-mobile,10
ASIA->15 years-<1 month-mobile,0
ASIA-undefined-<1 month-mobile,0
CAN-< 7 years-<1 month-mobile,3
CAN-<10 years-<1 month-mobile,7
CAN-<15 years-<1 month-mobile,3
CAN->15 years-<1 month-mobile,0
CAN-undefined-<1 month-mobile,0
OC-< 7 years-<1 month-mobile,0
OC-<10 years-<1 month-mobile,0
OC-<15 years-<1 month-mobile,3
OC->15 years-<1 month-mobile,1
OC-undefined-<1 month-mobile,0
SA-< 7 years-<1 month-mobile,3
SA-<10 years-<1 month-mobile,3
SA-<15 years-<1 month-mobile,2
SA->15 years-<1 month-mobile,1
SA-undefined-<1 month-mobile,0
AF-< 7 years-<1 month-mobile,1
AF-<10 years-<1 month-mobile,5
AF-<15 years-<1 month-mobile,0
AF->15 years-<1 month-mobile,0
AF-undefined-<1 month-mobile,0
USA-< 7 years-<1 year-mobile,68
USA-<10 years-<1 year-mobile,174
USA-<15 years-<1 year-mobile,68
USA->15 years-<1 year-mobile,10
USA-undefined-<1 year-mobile,0
EU-< 7 years-<1 year-mobile,33
EU-<10 years-<1 year-mobile,52
EU-<15 years-<1 year-mobile,15
EU->15 years-<1 year-mobile,1
EU-undefined-<1 year-mobile,0
ASIA-< 7 years-<1 year-mobile,10
ASIA-<10 years-<1 year-mobile,25
ASIA-<15 years-<1 year-mobile,6
ASIA->15 years-<1 year-mobile,0
ASIA-undefined-<1 year-mobile,0
CAN-< 7 years-<1 year-mobile,3
CAN-<10 years-<1 year-mobile,7
CAN-<15 years-<1 year-mobile,3
CAN->15 years-<1 year-mobile,0
CAN-undefined-<1 year-mobile,0
OC-< 7 years-<1 year-mobile,2
OC-<10 years-<1 year-mobile,5
OC-<15 years-<1 year-mobile,0
OC->15 years-<1 year-mobile,0
OC-undefined-<1 year-mobile,0
SA-< 7 years-<1 year-mobile,4
SA-<10 years-<1 year-mobile,6
SA-<15 years-<1 year-mobile,1
SA->15 years-<1 year-mobile,0
SA-undefined-<1 year-mobile,0
AF-< 7 years-<1 year-mobile,1
AF-<10 years-<1 year-mobile,1
AF-<15 years-<1 year-mobile,1
AF->15 years-<1 year-mobile,0
AF-undefined-<1 year-mobile,0
USA-< 7 years-<3 year-mobile,10
USA-<10 years-<3 year-mobile,228
USA-<15 years-<3 year-mobile,95
USA->15 years-<3 year-mobile,25
USA-undefined-<3 year-mobile,0
EU-< 7 years-<3 year-mobile,2
EU-<10 years-<3 year-mobile,72
EU-<15 years-<3 year-mobile,31
EU->15 years-<3 year-mobile,6
EU-undefined-<3 year-mobile,0
ASIA-< 7 years-<3 year-mobile,2
ASIA-<10 years-<3 year-mobile,22
ASIA-<15 years-<3 year-mobile,16
ASIA->15 years-<3 year-mobile,4
ASIA-undefined-<3 year-mobile,0
CAN-< 7 years-<3 year-mobile,1
CAN-<10 years-<3 year-mobile,10
CAN-<15 years-<3 year-mobile,6
CAN->15 years-<3 year-mobile,6
CAN-undefined-<3 year-mobile,0
OC-< 7 years-<3 year-mobile,0
OC-<10 years-<3 year-mobile,5
OC-<15 years-<3 year-mobile,0
OC->15 years-<3 year-mobile,1
OC-undefined-<3 year-mobile,0
SA-< 7 years-<3 year-mobile,0
SA-<10 years-<3 year-mobile,4
SA-<15 years-<3 year-mobile,0
SA->15 years-<3 year-mobile,0
SA-undefined-<3 year-mobile,0
AF-< 7 years-<3 year-mobile,0
AF-<10 years-<3 year-mobile,1
AF-<15 years-<3 year-mobile,1
AF->15 years-<3 year-mobile,0
AF-undefined-<3 year-mobile,0
USA-< 7 years->3 year-mobile,0
USA-<10 years->3 year-mobile,13
USA-<15 years->3 year-mobile,84
USA->15 years->3 year-mobile,134
USA-undefined->3 year-mobile,0
EU-< 7 years->3 year-mobile,0
EU-<10 years->3 year-mobile,5
EU-<15 years->3 year-mobile,29
EU->15 years->3 year-mobile,44
EU-undefined->3 year-mobile,0
ASIA-< 7 years->3 year-mobile,0
ASIA-<10 years->3 year-mobile,4
ASIA-<15 years->3 year-mobile,8
ASIA->15 years->3 year-mobile,20
ASIA-undefined->3 year-mobile,0
CAN-< 7 years->3 year-mobile,0
CAN-<10 years->3 year-mobile,0
CAN-<15 years->3 year-mobile,7
CAN->15 years->3 year-mobile,4
CAN-undefined->3 year-mobile,0
OC-< 7 years->3 year-mobile,0
OC-<10 years->3 year-mobile,1
OC-<15 years->3 year-mobile,4
OC->15 years->3 year-mobile,0
OC-undefined->3 year-mobile,0
SA-< 7 years->3 year-mobile,0
SA-<10 years->3 year-mobile,0
SA-<15 years->3 year-mobile,2
SA->15 years->3 year-mobile,0
SA-undefined->3 year-mobile,0
AF-< 7 years->3 year-mobile,0
AF-<10 years->3 year-mobile,1
AF-<15 years->3 year-mobile,2
AF->15 years->3 year-mobile,2
AF-undefined->3 year-mobile,0
USA-< 7 years-no_fund-mobile,139
USA-<10 years-no_fund-mobile,493
USA-<15 years-no_fund-mobile,306
USA->15 years-no_fund-mobile,553
USA-undefined-no_fund-mobile,0
EU-< 7 years-no_fund-mobile,74
EU-<10 years-no_fund-mobile,272
EU-<15 years-no_fund-mobile,205
EU->15 years-no_fund-mobile,259
EU-undefined-no_fund-mobile,0
ASIA-< 7 years-no_fund-mobile,39
ASIA-<10 years-no_fund-mobile,109
ASIA-<15 years-no_fund-mobile,76
ASIA->15 years-no_fund-mobile,135
ASIA-undefined-no_fund-mobile,0
CAN-< 7 years-no_fund-mobile,11
CAN-<10 years-no_fund-mobile,55
CAN-<15 years-no_fund-mobile,35
CAN->15 years-no_fund-mobile,53
CAN-undefined-no_fund-mobile,0
OC-< 7 years-no_fund-mobile,3
OC-<10 years-no_fund-mobile,13
OC-<15 years-no_fund-mobile,13
OC->15 years-no_fund-mobile,21
OC-undefined-no_fund-mobile,0
SA-< 7 years-no_fund-mobile,3
SA-<10 years-no_fund-mobile,15
SA-<15 years-no_fund-mobile,4
SA->15 years-no_fund-mobile,9
SA-undefined-no_fund-mobile,0
AF-< 7 years-no_fund-mobile,5
AF-<10 years-no_fund-mobile,10
AF-<15 years-no_fund-mobile,4
AF->15 years-no_fund-mobile,10
AF-undefined-no_fund-mobile,0
USA-< 7 years-<1 month-advertising,16
USA-<10 years-<1 month-advertising,60
USA-<15 years-<1 month-advertising,47
USA->15 years-<1 month-advertising,6
USA-undefined-<1 month-advertising,0
EU-< 7 years-<1 month-advertising,9
EU-<10 years-<1 month-advertising,13
EU-<15 years-<1 month-advertising,11
EU->15 years-<1 month-advertising,0
EU-undefined-<1 month-advertising,0
ASIA-< 7 years-<1 month-advertising,6
ASIA-<10 years-<1 month-advertising,12
ASIA-<15 years-<1 month-advertising,5
ASIA->15 years-<1 month-advertising,0
ASIA-undefined-<1 month-advertising,0
CAN-< 7 years-<1 month-advertising,2
CAN-<10 years-<1 month-advertising,3
CAN-<15 years-<1 month-advertising,3
CAN->15 years-<1 month-advertising,0
CAN-undefined-<1 month-advertising,0
OC-< 7 years-<1 month-advertising,0
OC-<10 years-<1 month-advertising,2
OC-<15 years-<1 month-advertising,1
OC->15 years-<1 month-advertising,0
OC-undefined-<1 month-advertising,0
SA-< 7 years-<1 month-advertising,2
SA-<10 years-<1 month-advertising,6
SA-<15 years-<1 month-advertising,1
SA->15 years-<1 month-advertising,0
SA-undefined-<1 month-advertising,0
AF-< 7 years-<1 month-advertising,0
AF-<10 years-<1 month-advertising,0
AF-<15 years-<1 month-advertising,1
AF->15 years-<1 month-advertising,0
AF-undefined-<1 month-advertising,0
USA-< 7 years-<1 year-advertising,21
USA-<10 years-<1 year-advertising,95
USA-<15 years-<1 year-advertising,73
USA->15 years-<1 year-advertising,4
USA-undefined-<1 year-advertising,0
EU-< 7 years-<1 year-advertising,8
EU-<10 years-<1 year-advertising,19
EU-<15 years-<1 year-advertising,18
EU->15 years-<1 year-advertising,1
EU-undefined-<1 year-advertising,0
ASIA-< 7 years-<1 year-advertising,3
ASIA-<10 years-<1 year-advertising,9
ASIA-<15 years-<1 year-advertising,9
ASIA->15 years-<1 year-advertising,0
ASIA-undefined-<1 year-advertising,0
CAN-< 7 years-<1 year-advertising,1
CAN-<10 years-<1 year-advertising,3
CAN-<15 years-<1 year-advertising,4
CAN->15 years-<1 year-advertising,0
CAN-undefined-<1 year-advertising,0
OC-< 7 years-<1 year-advertising,0
OC-<10 years-<1 year-advertising,1
OC-<15 years-<1 year-advertising,0
OC->15 years-<1 year-advertising,0
OC-undefined-<1 year-advertising,0
SA-< 7 years-<1 year-advertising,1
SA-<10 years-<1 year-advertising,2
SA-<15 years-<1 year-advertising,1
SA->15 years-<1 year-advertising,0
SA-undefined-<1 year-advertising,0
AF-< 7 years-<1 year-advertising,0
AF-<10 years-<1 year-advertising,0
AF-<15 years-<1 year-advertising,1
AF->15 years-<1 year-advertising,0
AF-undefined-<1 year-advertising,0
USA-< 7 years-<3 year-advertising,2
USA-<10 years-<3 year-advertising,78
USA-<15 years-<3 year-advertising,128
USA->15 years-<3 year-advertising,17
USA-undefined-<3 year-advertising,0
EU-< 7 years-<3 year-advertising,2
EU-<10 years-<3 year-advertising,33
EU-<15 years-<3 year-advertising,24
EU->15 years-<3 year-advertising,0
EU-undefined-<3 year-advertising,0
ASIA-< 7 years-<3 year-advertising,0
ASIA-<10 years-<3 year-advertising,15
ASIA-<15 years-<3 year-advertising,14
ASIA->15 years-<3 year-advertising,1
ASIA-undefined-<3 year-advertising,0
CAN-< 7 years-<3 year-advertising,0
CAN-<10 years-<3 year-advertising,6
CAN-<15 years-<3 year-advertising,7
CAN->15 years-<3 year-advertising,0
CAN-undefined-<3 year-advertising,0
OC-< 7 years-<3 year-advertising,0
OC-<10 years-<3 year-advertising,2
OC-<15 years-<3 year-advertising,2
OC->15 years-<3 year-advertising,0
OC-undefined-<3 year-advertising,0
SA-< 7 years-<3 year-advertising,0
SA-<10 years-<3 year-advertising,4
SA-<15 years-<3 year-advertising,2
SA->15 years-<3 year-advertising,0
SA-undefined-<3 year-advertising,0
AF-< 7 years-<3 year-advertising,0
AF-<10 years-<3 year-advertising,1
AF-<15 years-<3 year-advertising,0
AF->15 years-<3 year-advertising,0
AF-undefined-<3 year-advertising,0
USA-< 7 years->3 year-advertising,0
USA-<10 years->3 year-advertising,12
USA-<15 years->3 year-advertising,64
USA->15 years->3 year-advertising,74
USA-undefined->3 year-advertising,0
EU-< 7 years->3 year-advertising,0
EU-<10 years->3 year-advertising,2
EU-<15 years->3 year-advertising,19
EU->15 years->3 year-advertising,17
EU-undefined->3 year-advertising,0
ASIA-< 7 years->3 year-advertising,0
ASIA-<10 years->3 year-advertising,0
ASIA-<15 years->3 year-advertising,12
ASIA->15 years->3 year-advertising,8
ASIA-undefined->3 year-advertising,0
CAN-< 7 years->3 year-advertising,0
CAN-<10 years->3 year-advertising,0
CAN-<15 years->3 year-advertising,2
CAN->15 years->3 year-advertising,5
CAN-undefined->3 year-advertising,0
OC-< 7 years->3 year-advertising,0
OC-<10 years->3 year-advertising,1
OC-<15 years->3 year-advertising,1
OC->15 years->3 year-advertising,0
OC-undefined->3 year-advertising,0
SA-< 7 years->3 year-advertising,0
SA-<10 years->3 year-advertising,0
SA-<15 years->3 year-advertising,0
SA->15 years->3 year-advertising,0
SA-undefined->3 year-advertising,0
AF-< 7 years->3 year-advertising,0
AF-<10 years->3 year-advertising,0
AF-<15 years->3 year-advertising,0
AF->15 years->3 year-advertising,0
AF-undefined->3 year-advertising,0
USA-< 7 years-no_fund-advertising,114
USA-<10 years-no_fund-advertising,478
USA-<15 years-no_fund-advertising,508
USA->15 years-no_fund-advertising,797
USA-undefined-no_fund-advertising,0
EU-< 7 years-no_fund-advertising,73
EU-<10 years-no_fund-advertising,200
EU-<15 years-no_fund-advertising,198
EU->15 years-no_fund-advertising,240
EU-undefined-no_fund-advertising,0
ASIA-< 7 years-no_fund-advertising,38
ASIA-<10 years-no_fund-advertising,121
ASIA-<15 years-no_fund-advertising,111
ASIA->15 years-no_fund-advertising,122
ASIA-undefined-no_fund-advertising,0
CAN-< 7 years-no_fund-advertising,11
CAN-<10 years-no_fund-advertising,43
CAN-<15 years-no_fund-advertising,40
CAN->15 years-no_fund-advertising,59
CAN-undefined-no_fund-advertising,0
OC-< 7 years-no_fund-advertising,5
OC-<10 years-no_fund-advertising,17
OC-<15 years-no_fund-advertising,30
OC->15 years-no_fund-advertising,28
OC-undefined-no_fund-advertising,0
SA-< 7 years-no_fund-advertising,9
SA-<10 years-no_fund-advertising,22
SA-<15 years-no_fund-advertising,13
SA->15 years-no_fund-advertising,20
SA-undefined-no_fund-advertising,0
AF-< 7 years-no_fund-advertising,5
AF-<10 years-no_fund-advertising,20
AF-<15 years-no_fund-advertising,5
AF->15 years-no_fund-advertising,5
AF-undefined-no_fund-advertising,0
USA-< 7 years-<1 month-consulting,4
USA-<10 years-<1 month-consulting,7
USA-<15 years-<1 month-consulting,7
USA->15 years-<1 month-consulting,5
USA-undefined-<1 month-consulting,0
EU-< 7 years-<1 month-consulting,3
EU-<10 years-<1 month-consulting,7
EU-<15 years-<1 month-consulting,5
EU->15 years-<1 month-consulting,2
EU-undefined-<1 month-consulting,0
ASIA-< 7 years-<1 month-consulting,1
ASIA-<10 years-<1 month-consulting,4
ASIA-<15 years-<1 month-consulting,2
ASIA->15 years-<1 month-consulting,1
ASIA-undefined-<1 month-consulting,0
CAN-< 7 years-<1 month-consulting,0
CAN-<10 years-<1 month-consulting,0
CAN-<15 years-<1 month-consulting,0
CAN->15 years-<1 month-consulting,0
CAN-undefined-<1 month-consulting,0
OC-< 7 years-<1 month-consulting,0
OC-<10 years-<1 month-consulting,0
OC-<15 years-<1 month-consulting,1
OC->15 years-<1 month-consulting,0
OC-undefined-<1 month-consulting,0
SA-< 7 years-<1 month-consulting,0
SA-<10 years-<1 month-consulting,0
SA-<15 years-<1 month-consulting,0
SA->15 years-<1 month-consulting,0
SA-undefined-<1 month-consulting,0
AF-< 7 years-<1 month-consulting,0
AF-<10 years-<1 month-consulting,1
AF-<15 years-<1 month-consulting,1
AF->15 years-<1 month-consulting,0
AF-undefined-<1 month-consulting,0
USA-< 7 years-<1 year-consulting,5
USA-<10 years-<1 year-consulting,10
USA-<15 years-<1 year-consulting,5
USA->15 years-<1 year-consulting,2
USA-undefined-<1 year-consulting,0
EU-< 7 years-<1 year-consulting,1
EU-<10 years-<1 year-consulting,0
EU-<15 years-<1 year-consulting,3
EU->15 years-<1 year-consulting,1
EU-undefined-<1 year-consulting,0
ASIA-< 7 years-<1 year-consulting,0
ASIA-<10 years-<1 year-consulting,1
ASIA-<15 years-<1 year-consulting,1
ASIA->15 years-<1 year-consulting,0
ASIA-undefined-<1 year-consulting,0
CAN-< 7 years-<1 year-consulting,0
CAN-<10 years-<1 year-consulting,0
CAN-<15 years-<1 year-consulting,1
CAN->15 years-<1 year-consulting,0
CAN-undefined-<1 year-consulting,0
OC-< 7 years-<1 year-consulting,0
OC-<10 years-<1 year-consulting,0
OC-<15 years-<1 year-consulting,0
OC->15 years-<1 year-consulting,0
OC-undefined-<1 year-consulting,0
SA-< 7 years-<1 year-consulting,0
SA-<10 years-<1 year-consulting,0
SA-<15 years-<1 year-consulting,0
SA->15 years-<1 year-consulting,0
SA-undefined-<1 year-consulting,0
AF-< 7 years-<1 year-consulting,0
AF-<10 years-<1 year-consulting,0
AF-<15 years-<1 year-consulting,0
AF->15 years-<1 year-consulting,0
AF-undefined-<1 year-consulting,0
USA-< 7 years-<3 year-consulting,0
USA-<10 years-<3 year-consulting,13
USA-<15 years-<3 year-consulting,14
USA->15 years-<3 year-consulting,1
USA-undefined-<3 year-consulting,0
EU-< 7 years-<3 year-consulting,1
EU-<10 years-<3 year-consulting,5
EU-<15 years-<3 year-consulting,3
EU->15 years-<3 year-consulting,0
EU-undefined-<3 year-consulting,0
ASIA-< 7 years-<3 year-consulting,0
ASIA-<10 years-<3 year-consulting,3
ASIA-<15 years-<3 year-consulting,0
ASIA->15 years-<3 year-consulting,0
ASIA-undefined-<3 year-consulting,0
CAN-< 7 years-<3 year-consulting,0
CAN-<10 years-<3 year-consulting,1
CAN-<15 years-<3 year-consulting,0
CAN->15 years-<3 year-consulting,0
CAN-undefined-<3 year-consulting,0
OC-< 7 years-<3 year-consulting,0
OC-<10 years-<3 year-consulting,0
OC-<15 years-<3 year-consulting,1
OC->15 years-<3 year-consulting,0
OC-undefined-<3 year-consulting,0
SA-< 7 years-<3 year-consulting,0
SA-<10 years-<3 year-consulting,0
SA-<15 years-<3 year-consulting,0
SA->15 years-<3 year-consulting,0
SA-undefined-<3 year-consulting,0
AF-< 7 years-<3 year-consulting,0
AF-<10 years-<3 year-consulting,1
AF-<15 years-<3 year-consulting,0
AF->15 years-<3 year-consulting,0
AF-undefined-<3 year-consulting,0
USA-< 7 years->3 year-consulting,0
USA-<10 years->3 year-consulting,1
USA-<15 years->3 year-consulting,19
USA->15 years->3 year-consulting,67
USA-undefined->3 year-consulting,0
EU-< 7 years->3 year-consulting,0
EU-<10 years->3 year-consulting,0
EU-<15 years->3 year-consulting,4
EU->15 years->3 year-consulting,15
EU-undefined->3 year-consulting,0
ASIA-< 7 years->3 year-consulting,0
ASIA-<10 years->3 year-consulting,2
ASIA-<15 years->3 year-consulting,1
ASIA->15 years->3 year-consulting,7
ASIA-undefined->3 year-consulting,0
CAN-< 7 years->3 year-consulting,0
CAN-<10 years->3 year-consulting,0
CAN-<15 years->3 year-consulting,1
CAN->15 years->3 year-consulting,3
CAN-undefined->3 year-consulting,0
OC-< 7 years->3 year-consulting,0
OC-<10 years->3 year-consulting,0
OC-<15 years->3 year-consulting,0
OC->15 years->3 year-consulting,0
OC-undefined->3 year-consulting,0
SA-< 7 years->3 year-consulting,0
SA-<10 years->3 year-consulting,0
SA-<15 years->3 year-consulting,0
SA->15 years->3 year-consulting,2
SA-undefined->3 year-consulting,0
AF-< 7 years->3 year-consulting,0
AF-<10 years->3 year-consulting,0
AF-<15 years->3 year-consulting,0
AF->15 years->3 year-consulting,1
AF-undefined->3 year-consulting,0
USA-< 7 years-no_fund-consulting,75
USA-<10 years-no_fund-consulting,293
USA-<15 years-no_fund-consulting,477
USA->15 years-no_fund-consulting,1009
USA-undefined-no_fund-consulting,0
EU-< 7 years-no_fund-consulting,43
EU-<10 years-no_fund-consulting,140
EU-<15 years-no_fund-consulting,226
EU->15 years-no_fund-consulting,322
EU-undefined-no_fund-consulting,0
ASIA-< 7 years-no_fund-consulting,25
ASIA-<10 years-no_fund-consulting,96
ASIA-<15 years-no_fund-consulting,133
ASIA->15 years-no_fund-consulting,122
ASIA-undefined-no_fund-consulting,0
CAN-< 7 years-no_fund-consulting,4
CAN-<10 years-no_fund-consulting,26
CAN-<15 years-no_fund-consulting,40
CAN->15 years-no_fund-consulting,65
CAN-undefined-no_fund-consulting,0
OC-< 7 years-no_fund-consulting,5
OC-<10 years-no_fund-consulting,22
OC-<15 years-no_fund-consulting,11
OC->15 years-no_fund-consulting,42
OC-undefined-no_fund-consulting,0
SA-< 7 years-no_fund-consulting,5
SA-<10 years-no_fund-consulting,11
SA-<15 years-no_fund-consulting,7
SA->15 years-no_fund-consulting,20
SA-undefined-no_fund-consulting,0
AF-< 7 years-no_fund-consulting,3
AF-<10 years-no_fund-consulting,5
AF-<15 years-no_fund-consulting,8
AF->15 years-no_fund-consulting,7
AF-undefined-no_fund-consulting,0
USA-< 7 years-<1 month-enterprise,18
USA-<10 years-<1 month-enterprise,58
USA-<15 years-<1 month-enterprise,59
USA->15 years-<1 month-enterprise,2
USA-undefined-<1 month-enterprise,0
EU-< 7 years-<1 month-enterprise,6
EU-<10 years-<1 month-enterprise,24
EU-<15 years-<1 month-enterprise,21
EU->15 years-<1 month-enterprise,1
EU-undefined-<1 month-enterprise,0
ASIA-< 7 years-<1 month-enterprise,2
ASIA-<10 years-<1 month-enterprise,4
ASIA-<15 years-<1 month-enterprise,1
ASIA->15 years-<1 month-enterprise,0
ASIA-undefined-<1 month-enterprise,0
CAN-< 7 years-<1 month-enterprise,2
CAN-<10 years-<1 month-enterprise,6
CAN-<15 years-<1 month-enterprise,4
CAN->15 years-<1 month-enterprise,0
CAN-undefined-<1 month-enterprise,0
OC-< 7 years-<1 month-enterprise,1
OC-<10 years-<1 month-enterprise,1
OC-<15 years-<1 month-enterprise,0
OC->15 years-<1 month-enterprise,0
OC-undefined-<1 month-enterprise,0
SA-< 7 years-<1 month-enterprise,0
SA-<10 years-<1 month-enterprise,1
SA-<15 years-<1 month-enterprise,1
SA->15 years-<1 month-enterprise,0
SA-undefined-<1 month-enterprise,0
AF-< 7 years-<1 month-enterprise,0
AF-<10 years-<1 month-enterprise,0
AF-<15 years-<1 month-enterprise,1
AF->15 years-<1 month-enterprise,0
AF-undefined-<1 month-enterprise,0
USA-< 7 years-<1 year-enterprise,34
USA-<10 years-<1 year-enterprise,132
USA-<15 years-<1 year-enterprise,69
USA->15 years-<1 year-enterprise,3
USA-undefined-<1 year-enterprise,0
EU-< 7 years-<1 year-enterprise,9
EU-<10 years-<1 year-enterprise,31
EU-<15 years-<1 year-enterprise,11
EU->15 years-<1 year-enterprise,0
EU-undefined-<1 year-enterprise,0
ASIA-< 7 years-<1 year-enterprise,5
ASIA-<10 years-<1 year-enterprise,4
ASIA-<15 years-<1 year-enterprise,1
ASIA->15 years-<1 year-enterprise,0
ASIA-undefined-<1 year-enterprise,0
CAN-< 7 years-<1 year-enterprise,3
CAN-<10 years-<1 year-enterprise,7
CAN-<15 years-<1 year-enterprise,1
CAN->15 years-<1 year-enterprise,0
CAN-undefined-<1 year-enterprise,0
OC-< 7 years-<1 year-enterprise,1
OC-<10 years-<1 year-enterprise,3
OC-<15 years-<1 year-enterprise,0
OC->15 years-<1 year-enterprise,0
OC-undefined-<1 year-enterprise,0
SA-< 7 years-<1 year-enterprise,1
SA-<10 years-<1 year-enterprise,3
SA-<15 years-<1 year-enterprise,0
SA->15 years-<1 year-enterprise,0
SA-undefined-<1 year-enterprise,0
AF-< 7 years-<1 year-enterprise,0
AF-<10 years-<1 year-enterprise,0
AF-<15 years-<1 year-enterprise,0
AF->15 years-<1 year-enterprise,0
AF-undefined-<1 year-enterprise,0
USA-< 7 years-<3 year-enterprise,3
USA-<10 years-<3 year-enterprise,158
USA-<15 years-<3 year-enterprise,154
USA->15 years-<3 year-enterprise,26
USA-undefined-<3 year-enterprise,0
EU-< 7 years-<3 year-enterprise,3
EU-<10 years-<3 year-enterprise,31
EU-<15 years-<3 year-enterprise,23
EU->15 years-<3 year-enterprise,2
EU-undefined-<3 year-enterprise,0
ASIA-< 7 years-<3 year-enterprise,0
ASIA-<10 years-<3 year-enterprise,20
ASIA-<15 years-<3 year-enterprise,6
ASIA->15 years-<3 year-enterprise,4
ASIA-undefined-<3 year-enterprise,0
CAN-< 7 years-<3 year-enterprise,0
CAN-<10 years-<3 year-enterprise,9
CAN-<15 years-<3 year-enterprise,6
CAN->15 years-<3 year-enterprise,0
CAN-undefined-<3 year-enterprise,0
OC-< 7 years-<3 year-enterprise,0
OC-<10 years-<3 year-enterprise,3
OC-<15 years-<3 year-enterprise,1
OC->15 years-<3 year-enterprise,0
OC-undefined-<3 year-enterprise,0
SA-< 7 years-<3 year-enterprise,0
SA-<10 years-<3 year-enterprise,1
SA-<15 years-<3 year-enterprise,0
SA->15 years-<3 year-enterprise,0
SA-undefined-<3 year-enterprise,0
AF-< 7 years-<3 year-enterprise,0
AF-<10 years-<3 year-enterprise,1
AF-<15 years-<3 year-enterprise,0
AF->15 years-<3 year-enterprise,0
AF-undefined-<3 year-enterprise,0
USA-< 7 years->3 year-enterprise,0
USA-<10 years->3 year-enterprise,14
USA-<15 years->3 year-enterprise,113
USA->15 years->3 year-enterprise,196
USA-undefined->3 year-enterprise,0
EU-< 7 years->3 year-enterprise,0
EU-<10 years->3 year-enterprise,7
EU-<15 years->3 year-enterprise,17
EU->15 years->3 year-enterprise,29
EU-undefined->3 year-enterprise,0
ASIA-< 7 years->3 year-enterprise,0
ASIA-<10 years->3 year-enterprise,2
ASIA-<15 years->3 year-enterprise,7
ASIA->15 years->3 year-enterprise,7
ASIA-undefined->3 year-enterprise,0
CAN-< 7 years->3 year-enterprise,0
CAN-<10 years->3 year-enterprise,0
CAN-<15 years->3 year-enterprise,6
CAN->15 years->3 year-enterprise,14
CAN-undefined->3 year-enterprise,0
OC-< 7 years->3 year-enterprise,0
OC-<10 years->3 year-enterprise,0
OC-<15 years->3 year-enterprise,1
OC->15 years->3 year-enterprise,1
OC-undefined->3 year-enterprise,0
SA-< 7 years->3 year-enterprise,0
SA-<10 years->3 year-enterprise,0
SA-<15 years->3 year-enterprise,2
SA->15 years->3 year-enterprise,0
SA-undefined->3 year-enterprise,0
AF-< 7 years->3 year-enterprise,0
AF-<10 years->3 year-enterprise,0
AF-<15 years->3 year-enterprise,0
AF->15 years->3 year-enterprise,0
AF-undefined->3 year-enterprise,0
USA-< 7 years-no_fund-enterprise,76
USA-<10 years-no_fund-enterprise,174
USA-<15 years-no_fund-enterprise,198
USA->15 years-no_fund-enterprise,588
USA-undefined-no_fund-enterprise,0
EU-< 7 years-no_fund-enterprise,37
EU-<10 years-no_fund-enterprise,132
EU-<15 years-no_fund-enterprise,103
EU->15 years-no_fund-enterprise,198
EU-undefined-no_fund-enterprise,0
ASIA-< 7 years-no_fund-enterprise,16
ASIA-<10 years-no_fund-enterprise,51
ASIA-<15 years-no_fund-enterprise,49
ASIA->15 years-no_fund-enterprise,84
ASIA-undefined-no_fund-enterprise,0
CAN-< 7 years-no_fund-enterprise,7
CAN-<10 years-no_fund-enterprise,15
CAN-<15 years-no_fund-enterprise,25
CAN->15 years-no_fund-enterprise,89
CAN-undefined-no_fund-enterprise,0
OC-< 7 years-no_fund-enterprise,7
OC-<10 years-no_fund-enterprise,15
OC-<15 years-no_fund-enterprise,13
OC->15 years-no_fund-enterprise,31
OC-undefined-no_fund-enterprise,0
SA-< 7 years-no_fund-enterprise,5
SA-<10 years-no_fund-enterprise,10
SA-<15 years-no_fund-enterprise,6
SA->15 years-no_fund-enterprise,6
SA-undefined-no_fund-enterprise,0
AF-< 7 years-no_fund-enterprise,1
AF-<10 years-no_fund-enterprise,4
AF-<15 years-no_fund-enterprise,5
AF->15 years-no_fund-enterprise,5
AF-undefined-no_fund-enterprise,0
USA-< 7 years-<1 month-biotech,4
USA-<10 years-<1 month-biotech,19
USA-<15 years-<1 month-biotech,7
USA->15 years-<1 month-biotech,2
USA-undefined-<1 month-biotech,0
EU-< 7 years-<1 month-biotech,0
EU-<10 years-<1 month-biotech,4
EU-<15 years-<1 month-biotech,8
EU->15 years-<1 month-biotech,0
EU-undefined-<1 month-biotech,0
ASIA-< 7 years-<1 month-biotech,0
ASIA-<10 years-<1 month-biotech,0
ASIA-<15 years-<1 month-biotech,0
ASIA->15 years-<1 month-biotech,0
ASIA-undefined-<1 month-biotech,0
CAN-< 7 years-<1 month-biotech,1
CAN-<10 years-<1 month-biotech,1
CAN-<15 years-<1 month-biotech,0
CAN->15 years-<1 month-biotech,0
CAN-undefined-<1 month-biotech,0
OC-< 7 years-<1 month-biotech,0
OC-<10 years-<1 month-biotech,0
OC-<15 years-<1 month-biotech,0
OC->15 years-<1 month-biotech,0
OC-undefined-<1 month-biotech,0
SA-< 7 years-<1 month-biotech,0
SA-<10 years-<1 month-biotech,1
SA-<15 years-<1 month-biotech,0
SA->15 years-<1 month-biotech,0
SA-undefined-<1 month-biotech,0
AF-< 7 years-<1 month-biotech,0
AF-<10 years-<1 month-biotech,0
AF-<15 years-<1 month-biotech,0
AF->15 years-<1 month-biotech,0
AF-undefined-<1 month-biotech,0
USA-< 7 years-<1 year-biotech,26
USA-<10 years-<1 year-biotech,99
USA-<15 years-<1 year-biotech,46
USA->15 years-<1 year-biotech,1
USA-undefined-<1 year-biotech,0
EU-< 7 years-<1 year-biotech,9
EU-<10 years-<1 year-biotech,11
EU-<15 years-<1 year-biotech,8
EU->15 years-<1 year-biotech,0
EU-undefined-<1 year-biotech,0
ASIA-< 7 years-<1 year-biotech,0
ASIA-<10 years-<1 year-biotech,0
ASIA-<15 years-<1 year-biotech,1
ASIA->15 years-<1 year-biotech,0
ASIA-undefined-<1 year-biotech,0
CAN-< 7 years-<1 year-biotech,0
CAN-<10 years-<1 year-biotech,1
CAN-<15 years-<1 year-biotech,0
CAN->15 years-<1 year-biotech,0
CAN-undefined-<1 year-biotech,0
OC-< 7 years-<1 year-biotech,0
OC-<10 years-<1 year-biotech,2
OC-<15 years-<1 year-biotech,1
OC->15 years-<1 year-biotech,0
OC-undefined-<1 year-biotech,0
SA-< 7 years-<1 year-biotech,0
SA-<10 years-<1 year-biotech,0
SA-<15 years-<1 year-biotech,0
SA->15 years-<1 year-biotech,0
SA-undefined-<1 year-biotech,0
AF-< 7 years-<1 year-biotech,0
AF-<10 years-<1 year-biotech,0
AF-<15 years-<1 year-biotech,0
AF->15 years-<1 year-biotech,0
AF-undefined-<1 year-biotech,0
USA-< 7 years-<3 year-biotech,1
USA-<10 years-<3 year-biotech,214
USA-<15 years-<3 year-biotech,190
USA->15 years-<3 year-biotech,19
USA-undefined-<3 year-biotech,0
EU-< 7 years-<3 year-biotech,1
EU-<10 years-<3 year-biotech,19
EU-<15 years-<3 year-biotech,33
EU->15 years-<3 year-biotech,8
EU-undefined-<3 year-biotech,0
ASIA-< 7 years-<3 year-biotech,0
ASIA-<10 years-<3 year-biotech,5
ASIA-<15 years-<3 year-biotech,0
ASIA->15 years-<3 year-biotech,1
ASIA-undefined-<3 year-biotech,0
CAN-< 7 years-<3 year-biotech,0
CAN-<10 years-<3 year-biotech,5
CAN-<15 years-<3 year-biotech,1
CAN->15 years-<3 year-biotech,0
CAN-undefined-<3 year-biotech,0
OC-< 7 years-<3 year-biotech,0
OC-<10 years-<3 year-biotech,1
OC-<15 years-<3 year-biotech,0
OC->15 years-<3 year-biotech,0
OC-undefined-<3 year-biotech,0
SA-< 7 years-<3 year-biotech,0
SA-<10 years-<3 year-biotech,1
SA-<15 years-<3 year-biotech,0
SA->15 years-<3 year-biotech,0
SA-undefined-<3 year-biotech,0
AF-< 7 years-<3 year-biotech,0
AF-<10 years-<3 year-biotech,0
AF-<15 years-<3 year-biotech,0
AF->15 years-<3 year-biotech,0
AF-undefined-<3 year-biotech,0
USA-< 7 years->3 year-biotech,0
USA-<10 years->3 year-biotech,32
USA-<15 years->3 year-biotech,406
USA->15 years->3 year-biotech,547
USA-undefined->3 year-biotech,0
EU-< 7 years->3 year-biotech,0
EU-<10 years->3 year-biotech,5
EU-<15 years->3 year-biotech,56
EU->15 years->3 year-biotech,104
EU-undefined->3 year-biotech,0
ASIA-< 7 years->3 year-biotech,0
ASIA-<10 years->3 year-biotech,1
ASIA-<15 years->3 year-biotech,19
ASIA->15 years->3 year-biotech,25
ASIA-undefined->3 year-biotech,0
CAN-< 7 years->3 year-biotech,0
CAN-<10 years->3 year-biotech,2
CAN-<15 years->3 year-biotech,11
CAN->15 years->3 year-biotech,37
CAN-undefined->3 year-biotech,0
OC-< 7 years->3 year-biotech,0
OC-<10 years->3 year-biotech,1
OC-<15 years->3 year-biotech,0
OC->15 years->3 year-biotech,8
OC-undefined->3 year-biotech,0
SA-< 7 years->3 year-biotech,0
SA-<10 years->3 year-biotech,0
SA-<15 years->3 year-biotech,0
SA->15 years->3 year-biotech,0
SA-undefined->3 year-biotech,0
AF-< 7 years->3 year-biotech,0
AF-<10 years->3 year-biotech,0
AF-<15 years->3 year-biotech,0
AF->15 years->3 year-biotech,2
AF-undefined->3 year-biotech,0
USA-< 7 years-no_fund-biotech,17
USA-<10 years-no_fund-biotech,26
USA-<15 years-no_fund-biotech,67
USA->15 years-no_fund-biotech,1281
USA-undefined-no_fund-biotech,0
EU-< 7 years-no_fund-biotech,5
EU-<10 years-no_fund-biotech,14
EU-<15 years-no_fund-biotech,14
EU->15 years-no_fund-biotech,462
EU-undefined-no_fund-biotech,0
ASIA-< 7 years-no_fund-biotech,1
ASIA-<10 years-no_fund-biotech,6
ASIA-<15 years-no_fund-biotech,12
ASIA->15 years-no_fund-biotech,123
ASIA-undefined-no_fund-biotech,0
CAN-< 7 years-no_fund-biotech,0
CAN-<10 years-no_fund-biotech,4
CAN-<15 years-no_fund-biotech,5
CAN->15 years-no_fund-biotech,73
CAN-undefined-no_fund-biotech,0
OC-< 7 years-no_fund-biotech,0
OC-<10 years-no_fund-biotech,1
OC-<15 years-no_fund-biotech,2
OC->15 years-no_fund-biotech,33
OC-undefined-no_fund-biotech,0
SA-< 7 years-no_fund-biotech,1
SA-<10 years-no_fund-biotech,2
SA-<15 years-no_fund-biotech,1
SA->15 years-no_fund-biotech,8
SA-undefined-no_fund-biotech,0
AF-< 7 years-no_fund-biotech,0
AF-<10 years-no_fund-biotech,0
AF-<15 years-no_fund-biotech,0
AF->15 years-no_fund-biotech,2
AF-undefined-no_fund-biotech,0
USA-< 7 years-<1 month-hardware,10
USA-<10 years-<1 month-hardware,11
USA-<15 years-<1 month-hardware,8
USA->15 years-<1 month-hardware,2
USA-undefined-<1 month-hardware,0
EU-< 7 years-<1 month-hardware,3
EU-<10 years-<1 month-hardware,4
EU-<15 years-<1 month-hardware,4
EU->15 years-<1 month-hardware,0
EU-undefined-<1 month-hardware,0
ASIA-< 7 years-<1 month-hardware,0
ASIA-<10 years-<1 month-hardware,4
ASIA-<15 years-<1 month-hardware,1
ASIA->15 years-<1 month-hardware,0
ASIA-undefined-<1 month-hardware,0
CAN-< 7 years-<1 month-hardware,1
CAN-<10 years-<1 month-hardware,0
CAN-<15 years-<1 month-hardware,1
CAN->15 years-<1 month-hardware,0
CAN-undefined-<1 month-hardware,0
OC-< 7 years-<1 month-hardware,0
OC-<10 years-<1 month-hardware,1
OC-<15 years-<1 month-hardware,0
OC->15 years-<1 month-hardware,0
OC-undefined-<1 month-hardware,0
SA-< 7 years-<1 month-hardware,0
SA-<10 years-<1 month-hardware,0
SA-<15 years-<1 month-hardware,0
SA->15 years-<1 month-hardware,0
SA-undefined-<1 month-hardware,0
AF-< 7 years-<1 month-hardware,0
AF-<10 years-<1 month-hardware,0
AF-<15 years-<1 month-hardware,0
AF->15 years-<1 month-hardware,0
AF-undefined-<1 month-hardware,0
USA-< 7 years-<1 year-hardware,15
USA-<10 years-<1 year-hardware,32
USA-<15 years-<1 year-hardware,19
USA->15 years-<1 year-hardware,3
USA-undefined-<1 year-hardware,0
EU-< 7 years-<1 year-hardware,8
EU-<10 years-<1 year-hardware,6
EU-<15 years-<1 year-hardware,7
EU->15 years-<1 year-hardware,0
EU-undefined-<1 year-hardware,0
ASIA-< 7 years-<1 year-hardware,2
ASIA-<10 years-<1 year-hardware,1
ASIA-<15 years-<1 year-hardware,3
ASIA->15 years-<1 year-hardware,0
ASIA-undefined-<1 year-hardware,0
CAN-< 7 years-<1 year-hardware,0
CAN-<10 years-<1 year-hardware,0
CAN-<15 years-<1 year-hardware,0
CAN->15 years-<1 year-hardware,0
CAN-undefined-<1 year-hardware,0
OC-< 7 years-<1 year-hardware,0
OC-<10 years-<1 year-hardware,1
OC-<15 years-<1 year-hardware,0
OC->15 years-<1 year-hardware,0
OC-undefined-<1 year-hardware,0
SA-< 7 years-<1 year-hardware,0
SA-<10 years-<1 year-hardware,0
SA-<15 years-<1 year-hardware,0
SA->15 years-<1 year-hardware,0
SA-undefined-<1 year-hardware,0
AF-< 7 years-<1 year-hardware,0
AF-<10 years-<1 year-hardware,0
AF-<15 years-<1 year-hardware,0
AF->15 years-<1 year-hardware,0
AF-undefined-<1 year-hardware,0
USA-< 7 years-<3 year-hardware,5
USA-<10 years-<3 year-hardware,76
USA-<15 years-<3 year-hardware,57
USA->15 years-<3 year-hardware,21
USA-undefined-<3 year-hardware,0
EU-< 7 years-<3 year-hardware,1
EU-<10 years-<3 year-hardware,14
EU-<15 years-<3 year-hardware,12
EU->15 years-<3 year-hardware,4
EU-undefined-<3 year-hardware,0
ASIA-< 7 years-<3 year-hardware,1
ASIA-<10 years-<3 year-hardware,6
ASIA-<15 years-<3 year-hardware,7
ASIA->15 years-<3 year-hardware,0
ASIA-undefined-<3 year-hardware,0
CAN-< 7 years-<3 year-hardware,0
CAN-<10 years-<3 year-hardware,2
CAN-<15 years-<3 year-hardware,0
CAN->15 years-<3 year-hardware,0
CAN-undefined-<3 year-hardware,0
OC-< 7 years-<3 year-hardware,0
OC-<10 years-<3 year-hardware,1
OC-<15 years-<3 year-hardware,0
OC->15 years-<3 year-hardware,0
OC-undefined-<3 year-hardware,0
SA-< 7 years-<3 year-hardware,0
SA-<10 years-<3 year-hardware,0
SA-<15 years-<3 year-hardware,0
SA->15 years-<3 year-hardware,0
SA-undefined-<3 year-hardware,0
AF-< 7 years-<3 year-hardware,0
AF-<10 years-<3 year-hardware,0
AF-<15 years-<3 year-hardware,0
AF->15 years-<3 year-hardware,0
AF-undefined-<3 year-hardware,0
USA-< 7 years->3 year-hardware,0
USA-<10 years->3 year-hardware,8
USA-<15 years->3 year-hardware,101
USA->15 years->3 year-hardware,175
USA-undefined->3 year-hardware,0
EU-< 7 years->3 year-hardware,0
EU-<10 years->3 year-hardware,4
EU-<15 years->3 year-hardware,21
EU->15 years->3 year-hardware,45
EU-undefined->3 year-hardware,0
ASIA-< 7 years->3 year-hardware,0
ASIA-<10 years->3 year-hardware,1
ASIA-<15 years->3 year-hardware,7
ASIA->15 years->3 year-hardware,19
ASIA-undefined->3 year-hardware,0
CAN-< 7 years->3 year-hardware,0
CAN-<10 years->3 year-hardware,3
CAN-<15 years->3 year-hardware,5
CAN->15 years->3 year-hardware,13
CAN-undefined->3 year-hardware,0
OC-< 7 years->3 year-hardware,0
OC-<10 years->3 year-hardware,0
OC-<15 years->3 year-hardware,0
OC->15 years->3 year-hardware,1
OC-undefined->3 year-hardware,0
SA-< 7 years->3 year-hardware,0
SA-<10 years->3 year-hardware,0
SA-<15 years->3 year-hardware,1
SA->15 years->3 year-hardware,1
SA-undefined->3 year-hardware,0
AF-< 7 years->3 year-hardware,0
AF-<10 years->3 year-hardware,0
AF-<15 years->3 year-hardware,0
AF->15 years->3 year-hardware,0
AF-undefined->3 year-hardware,0
USA-< 7 years-no_fund-hardware,43
USA-<10 years-no_fund-hardware,99
USA-<15 years-no_fund-hardware,100
USA->15 years-no_fund-hardware,637
USA-undefined-no_fund-hardware,0
EU-< 7 years-no_fund-hardware,31
EU-<10 years-no_fund-hardware,47
EU-<15 years-no_fund-hardware,37
EU->15 years-no_fund-hardware,220
EU-undefined-no_fund-hardware,0
ASIA-< 7 years-no_fund-hardware,15
ASIA-<10 years-no_fund-hardware,15
ASIA-<15 years-no_fund-hardware,26
ASIA->15 years-no_fund-hardware,92
ASIA-undefined-no_fund-hardware,0
CAN-< 7 years-no_fund-hardware,6
CAN-<10 years-no_fund-hardware,8
CAN-<15 years-no_fund-hardware,9
CAN->15 years-no_fund-hardware,31
CAN-undefined-no_fund-hardware,0
OC-< 7 years-no_fund-hardware,2
OC-<10 years-no_fund-hardware,3
OC-<15 years-no_fund-hardware,2
OC->15 years-no_fund-hardware,17
OC-undefined-no_fund-hardware,0
SA-< 7 years-no_fund-hardware,0
SA-<10 years-no_fund-hardware,0
SA-<15 years-no_fund-hardware,0
SA->15 years-no_fund-hardware,3
SA-undefined-no_fund-hardware,0
AF-< 7 years-no_fund-hardware,0
AF-<10 years-no_fund-hardware,1
AF-<15 years-no_fund-hardware,0
AF->15 years-no_fund-hardware,2
AF-undefined-no_fund-hardware,0
